{
  "voiceVolume": 0.8999999761581421,
  "masterVolume": 0.800000011920929,
  "fullscreen": false,
  "textSpeed": 2,
  "voiceAutoPlay": true,
  "musicVolume": 0.800000011920929,
  "sfxVolume": 0.800000011920929
}